,Alpha_full,Alpha_levels,filter,percent_clean,percent_pairs_no_aggregated_cont
0,0.26244664861157885,0.4297885032383808,contradiction_outliers,0.8618096261339063,0.0036900369003690036
1,0.3930759596733896,0.6938889635202576,worker_contradiction_rate_0,0.20459954575745623,0.0
2,0.31098984866178936,0.4763231424445681,worker_contradiction_rate_above_av,0.6624597097743747,0.014760147601476014
3,0.24770870497056507,0.36102280847124557,worker_failed_checks_1,0.9808510927661195,0.01845018450184502
4,0.2392748248254245,0.3566880722899799,none,1.0,0.01845018450184502
