,Alpha_full,Alpha_levels,Kappa_full,Kappa_levels,filter,percent_clean,percent_pairs_cont
0,0.29787291310131847,0.43538292767830167,0.1468608271539263,0.32776603241719526,contradiction_outliers,0.9094199152104229,0.0
1,0.4542677998919431,0.5811288397139753,0.26680248836532766,0.4264150943396226,worker_contradiction_rate_0,0.329231723710061,0.0
2,0.38404693811161317,0.506272572325094,0.19191335890977373,0.4146892655367232,worker_contradiction_rate_above_av,0.6533967531796091,0.0
3,0.27739914171759017,0.3620487182096198,0.1577274315592167,0.2966540404040404,worker_failed_checks_1,0.9615344845414124,0.0
4,0.26338630452037604,0.35065322884290595,0.1386350823994767,0.29084967320261434,none,1.0,0.0
