,Alpha_full,Alpha_levels,filter,number_pairs,percent_clean,percent_pairs_cont
0,0.31198626982904076,0.4587688622805016,contradiction_outliers,167,0.8795620437956204,0.0
1,0.43588551100176687,0.6233363425072732,worker_contradiction_rate_0,159,0.32180817006018697,0.0
2,0.3678188400332021,0.5036845955205407,worker_contradiction_rate_above_av,167,0.6941990011525163,0.0
3,0.2653132305278525,0.38169297316913287,worker_failed_checks_1,167,0.9761813292354975,0.0
4,0.2569132707690551,0.37409654303434103,none,167,1.0,0.0
