,Alpha_full,Alpha_levels,filter,number_pairs,percent_clean,percent_pairs_cont
0,0.26413243571378364,0.4310972217766975,contradiction_outliers,572,0.8638685320897179,0.0034965034965034965
1,0.39455833512160954,0.6945984633814943,worker_contradiction_rate_0,510,0.20807043670232916,0.0
2,0.3134591276899774,0.4744679369904856,worker_contradiction_rate_above_av,572,0.6665360348003292,0.013986013986013986
3,0.249138790297892,0.36432669029554576,worker_failed_checks_1,572,0.9816070332196836,0.017482517482517484
4,0.2410186819996456,0.3601635988512605,none,572,1.0,0.017482517482517484
