,Alpha_full,Alpha_levels,Kappa_full,Kappa_levels,filter,percent_clean,percent_pairs_cont
0,0.263924888527871,0.4237617416132424,0.1939682672421651,0.26763494025545903,contradiction_outliers,0.8592051829769254,0.022935779816513763
1,0.3419810810383107,0.626937214058052,0.3838518102433788,0.4269406392694064,worker_contradiction_rate_0,0.19692026008779137,0.0
2,0.302891269027865,0.4301785348601218,0.29071323885633493,0.31335227272727223,worker_contradiction_rate_above_av,0.6801248796976597,0.02981651376146789
3,0.23824270629925903,0.33731697853005416,0.22081872628546664,0.23142631993695792,worker_failed_checks_1,0.9791084716321213,0.04128440366972477
4,0.22874456889027805,0.33227455915053705,0.18903240698782192,0.22873299709613298,none,1.0,0.03669724770642202
