,Alpha_full,Alpha_levels,filter,number_pairs,percent_clean,percent_pairs_cont
0,0.3264776893518535,0.459173812049824,contradiction_outliers,392,0.9238988225032708,0.002551020408163265
1,0.40452224564843486,0.6787670391874425,worker_contradiction_rate_0,384,0.27652093327518534,0.0
2,0.37188640119750394,0.4592118690286867,worker_contradiction_rate_above_av,392,0.7688072394243349,0.0
3,0.29600995468713587,0.4258283584378243,worker_failed_checks_1,392,0.9302224160488443,0.0
4,0.2933880898112595,0.3947003694054927,none,392,1.0,0.0
