,output.answer,aqs,aqs_initial
false,166167,0.8144464574113973,0.7518598105676697
true,166167,0.937685718335566,0.9064990288121445
