,output.answer,aqs,aqs_initial
false,200723,0.821091700826364,0.7588333708090474
true,200723,0.9364494454359923,0.9044309478446455
