,output.answer,aqs,aqs_initial
false,150668,0.8048416157683779,0.7428426821684441
true,150668,0.9375933569199449,0.9065806246447067
