,output.answer,aqs,aqs_initial
false,21257,0.9390993713056422,0.9008048036268615
true,21257,0.9508460733570017,0.9276587834568035
