,output.answer,aqs,aqs_initial
false,650,0.7699631859458447,0.6972423220367869
true,650,0.5169741472845549,0.4838380206288993
