,output.answer,aqs,aqs_initial
false,720,0.8741739576570989,0.8241366587843283
true,720,0.701860422461067,0.644854672884126
