,output.answer,aqs,aqs_initial
false,60,0.8412148987378519,0.7759259259259259
true,60,0.8364806650306743,0.7775925925925924
