,output.answer,aqs,aqs_initial
false,84489,0.8058245170822524,0.7683925973839716
true,84489,0.9100277399669957,0.8843921539269811
