,output.answer,aqs,aqs_initial
false,102309,0.8241062052547403,0.7844901860225242
true,102309,0.9092198494906271,0.8820471533733482
